{"Jimmy Fallon":{"x":0.6127932002706287},"Ellen Degeneres":{"x":0.7363817003888091},"Stephen Colbert":{"x":0.7037022911767663},"John Stewart":{"x":0.5523186991216391},"David Letterman":{"x":0.5098771360680985},"Jimmy Kimmel":{"x":0.9181998821920498},"Jay Leno":{"x":0.4082443420605875},"Seth Meyers":{"x":0.8272907912924216},"James Corden":{"x":0.9075340106596508},"Conan O'Brien":{"x":0.3714102595975118}}
