{"Hq-URl9F17Y":{"x":-1.0048055148286092,"y":0.10878796575755022},"HOK4aBYNh3s":{"x":-0.44745732110998715,"y":0.18711093413710125},"6kcHglDoDjI":{"x":-0.4470872022720641,"y":0.5065264252004512},"iAArzQOcoZQ":{"x":-0.44709000980914954,"y":0.5907560160478611},"95KTrtzOY-g":{"x":0.00010054195792787187,"y":0.5521787374004449},"RDocnbkHjhI":{"x":0.14321491928586907,"y":-0.0015060479905445957},"uNyd34TPXUg":{"x":0.14344275953772484,"y":0.3684366848012601},"EYzRY2XpLBk":{"x":0.1434907609359796,"y":0.3718433973145229},"lahqqFx84q8":{"x":0.14344272402083202,"y":0.3972504534079481},"Efc8UnyEHzM":{"x":0.1434106490060538,"y":0.5121291058800225},"g_8gQzq6Mcc":{"x":0.1433661713754673,"y":0.5881484870464754},"QmPLGt5rd_k":{"x":0.143437723133741,"y":0.24118597558679555},"O6Yl1Ub3eT4":{"x":0.14341346312412692,"y":0.484557655314443},"etEkKixh5Qg":{"x":0.14351443387377633,"y":0.5353416892243946},"EYco1RQw66I":{"x":0.14912160997282803,"y":0.9579350767319609},"RNanuxME2ts":{"x":0.12574398225834768,"y":0.6053682392809551},"2jcYRBByUWk":{"x":0.1491772573415599,"y":0.8086236791802272},"dbYEEBrjOAA":{"x":0.1596494203612975,"y":0.6462477144316794},"_qWuOtP9eZE":{"x":0.175465224517953,"y":0.30501892494938193},"sZdetmEAtxA":{"x":0.17583150525600938,"y":0.45771488521571974},"L88H2HWEXrw":{"x":0.34420125402377805,"y":0.5649227897282058},"jAbOss8T3hM":{"x":0.3904872030841192,"y":0.7968165918771468},"j7jZbuVSEG0":{"x":0.4503433048414435,"y":0.7365811369394897},"Lal8zWHkdgU":{"x":0.6335189245959479,"y":0.8957348507406019},"8cKtijgcVJw":{"x":0.6506881000552429,"y":0.7810725199873084},"rZnXbPZ6R3w":{"x":0.6595014581132577,"y":0.293385535153655},"RecREW7iZz8":{"x":0.6628703620063435,"y":0.5151772220126142},"PLHo6uyICVk":{"x":0.6584029930476962,"y":0.4407965948566522},"m1LXS4ObtEo":{"x":0.6581099412510294,"y":0.5745416390480981},"nH2OVbgD7G8":{"x":0.6909995171724579,"y":0.7559739771194595},"ziwYbVx_-qg":{"x":0.8412733101792431,"y":0.2476305538696444},"ymGENUjIdIg":{"x":0.8418539075937972,"y":0.3985911095394079},"i_Ijjkt6Fkw":{"x":0.8204852183375971,"y":0.48339191020293676},"x7VSkwDwfOI":{"x":0.8645855790099848,"y":0.5728104874021732},"2TtdPbeKNFc":{"x":0.8201208535583241,"y":0.5699890577870084},"vJZqTdWNd3c":{"x":0.8275872172644672,"y":0.6459590684604011},"aMcKi1TS2Zs":{"x":0.8721196140400878,"y":0.499765581746606},"yaiPYu6Eduw":{"x":0.8694380012726616,"y":0.6386847480250073},"ln3wAdRAim4":{"x":0.9043948500048036,"y":0.003560665460292234},"kCkVLg4aPIY":{"x":0.9823268173962236,"y":0.877019618464122},"lTf-QrU2pjA":{"x":0.9750069936555126,"y":0.4996461406443761},"w4vJ0oTtbHY":{"x":0.9504963870114248,"y":0.6348675139166876},"tCCx9vEvOHs":{"x":0.9939780181691713,"y":0.632652109940677},"xAbJ8RZQJmY":{"x":0.9681110961519,"y":0.7014642405842603},"hEfDQaBCUL0":{"x":0.9669523293845553,"y":0.5702869778136218},"2ihOXaU0I8o":{"x":0.9885823717046957,"y":0.26901386462235316},"jiMUoVjQ5uI":{"x":1.005290863882899,"y":0.42343882540597233},"xRkoRHiSsTY":{"x":1.0185069315760895,"y":0.5535711547395407},"nIKWOQjqlok":{"x":1.017743474274599,"y":0.7367725523165537},"nLt2hPklBrE":{"x":0.9996799936076528,"y":0.9982181796449615}}
